<?xml version="1.0" encoding="UTF-8" ?>
<!DOCTYPE mapper
        PUBLIC "-//mybatis.org//DTD Mapper 3.0//EN"
        "http://mybatis.org/dtd/mybatis-3-mapper.dtd">

<mapper namespace="com.product.qq.dao.IUserDao">
    <select id="getAllUser" resultType="com.product.qq.dto.User">
        select * from user;
    </select>
    <insert id="addUser" parameterType="com.product.qq.dto.User" useGeneratedKeys="true"  keyProperty="id">
        insert into user(`name`,age,email,account,passwd)value(#{name},#{age},#{email},#{account},#{passwd});
    </insert>

    <select id="getFriends" resultType="Integer" parameterType="Integer">
        select friend_id from friend where user_id=#{id};
    </select>
    <select id="getGroups" resultType="Integer" parameterType="Integer">
        select group_id from group_member where user_id=#{id};
    </select>

</mapper>